{
    "data_device": {
        "940baab0-35a7-4c84-88cc-34810333a086": [
            0.2926029562950134,
            0.06402993202209473,
            0.38934066891670227,
            0.20876628160476685
        ],
        "18d0e1d1-9347-4dc4-b90e-2a0ec4c89113": [
            0.6056393384933472,
            0.13965252041816711,
            0.7733911275863647,
            0.2555869221687317
        ],
        "464e112a-5901-4930-882e-f04b21d05033": [
            0.09206312149763107,
            0.41216909885406494,
            0.15803225338459015,
            0.6941925287246704
        ],
        "443935ac-a412-4199-91a7-aa04490394db": [
            0.4978439509868622,
            0.6625407934188843,
            0.5734201073646545,
            0.8295770287513733
        ],
        "42daaa27-d58b-46f0-8915-c34cd7f7ae4e": [
            0.785395622253418,
            0.4683067202568054,
            0.9051469564437866,
            0.6370276212692261
        ]
    },
    "data_wire": [
        [
            179.7412646592007,
            0.6109437942504883,
            0.15512965619564056,
            0.3874167501926422,
            0.1566830426454544
        ],
        [
            8.041272662965007,
            0.15786990523338318,
            0.6974472999572754,
            0.5016056895256042,
            0.7721790075302124
        ],
        [
            -21.85996542579796,
            0.5785064697265625,
            0.7589586973190308,
            0.7922473549842834,
            0.6269973516464233
        ],
        [
            66.84770570904165,
            0.7523696422576904,
            0.24997378885746002,
            0.8186944127082825,
            0.4886646866798401
        ],
        [
            -172.1699885000286,
            0.7914075255393982,
            0.794488787651062,
            0.7782938480377197,
            0.7917135953903198
        ],
        [
            -42.68134347663782,
            0.14683251082897186,
            0.42861077189445496,
            0.3184623718261719,
            0.1850442737340927
        ]
    ],
    "device_uuids": {
        "940baab0-35a7-4c84-88cc-34810333a086": [
            "161f482f-a81b-482d-84dd-d08c649ef7f4",
            "6adc2f20-98bf-4c0a-bc58-4ce9d0575b5a"
        ],
        "18d0e1d1-9347-4dc4-b90e-2a0ec4c89113": [
            "cb434514-78d8-4fe7-b0c7-f0f70db11858",
            "cef41cf1-bbe0-4e9b-bfb6-c6b7b52ad86a"
        ],
        "464e112a-5901-4930-882e-f04b21d05033": [
            "9d12f8c2-788f-4a26-b1ef-f3baffd5c986",
            "1f96c9a2-d683-490b-8b3c-82c62b25d446"
        ],
        "443935ac-a412-4199-91a7-aa04490394db": [
            "f9150b6c-9a79-4d18-92cf-20b8bad76aeb",
            "2cc936fe-1b0b-4ef8-92b5-7b30a65c57e7"
        ],
        "42daaa27-d58b-46f0-8915-c34cd7f7ae4e": [
            "f55ce5ae-dd51-4ae8-9eca-6fec63de857c",
            "225f0721-1377-482e-ab31-8c7176d458b1"
        ]
    },
    "num_nodes": [
        2,
        2,
        2,
        2,
        2
    ],
    "image_size": [
        791,
        514
    ],
    "classes": [
        "8",
        "5",
        "6",
        "4",
        "9"
    ]
}