{
    "data_device": {
        "60d18a4f-5877-4656-b3c7-ad8c0ac104ef": [
            0.11887242645025253,
            0.4997681975364685,
            0.21415409445762634,
            0.654238760471344
        ],
        "69700590-d4e5-4af4-b7df-d8fe17b9af12": [
            0.46541136503219604,
            0.17831113934516907,
            0.6044445037841797,
            0.24332496523857117
        ],
        "41c56cbf-5c18-4b2a-990f-12dfd75660e8": [
            0.17417827248573303,
            0.20954827964305878,
            0.20443996787071228,
            0.26806604862213135
        ],
        "0064b55d-7c56-4e65-b083-5d9853db18f3": [
            0.7276232838630676,
            0.5146692395210266,
            0.8560819029808044,
            0.626604437828064
        ],
        "2725ceb6-c19c-4aa9-bf60-489413b3a31f": [
            0.7786514163017273,
            0.18508125841617584,
            0.8113477230072021,
            0.24083104729652405
        ]
    },
    "data_wire": [
        [
            100.84031675229723,
            0.7855427265167236,
            0.23506775498390198,
            0.7455968260765076,
            0.5132092833518982
        ],
        [
            -179.95365044482614,
            0.7715488076210022,
            0.19860506057739258,
            0.613557755947113,
            0.19843465089797974
        ],
        [
            178.88746442203325,
            0.45459070801734924,
            0.20862902700901031,
            0.2087305784225464,
            0.2149951159954071
        ],
        [
            -87.77066196961098,
            0.18846353888511658,
            0.5069211721420288,
            0.1955489218235016,
            0.2642436623573303
        ],
        [
            -10.726996485834388,
            0.5603191256523132,
            0.871852695941925,
            0.5783848166465759,
            0.8672895431518555
        ]
    ],
    "device_uuids": {
        "60d18a4f-5877-4656-b3c7-ad8c0ac104ef": [
            "51f1b9e2-bfaf-4fdc-a823-ed70d4284c8d",
            "9c274a29-1000-4f52-ac68-0b0ba21761a0"
        ],
        "69700590-d4e5-4af4-b7df-d8fe17b9af12": [
            "cadc8c80-2f10-49c4-b4cf-98c492572205",
            "e0334239-90d1-493a-8d87-74fc7a607676"
        ],
        "41c56cbf-5c18-4b2a-990f-12dfd75660e8": [
            "54d689d7-a8dd-4b91-83f4-b08752e31691",
            "7794ee86-d40d-4354-9738-10544ab11d67"
        ],
        "0064b55d-7c56-4e65-b083-5d9853db18f3": [
            "b9fce18b-0597-47b4-8e22-7db3e9079690",
            "18032e66-719d-42d5-ba13-7fcabad4d735"
        ],
        "2725ceb6-c19c-4aa9-bf60-489413b3a31f": [
            "ab5e3f69-e9af-4f51-a840-6648e269b87b",
            "19ed18c8-4e82-48fd-a7d2-4294580a189e"
        ]
    },
    "num_nodes": [
        2,
        2,
        2,
        2,
        2
    ],
    "image_size": [
        4000,
        3000
    ],
    "classes": [
        "9",
        "5",
        "10",
        "1",
        "10"
    ]
}